Quantity, Footprint, Comment, Designator,编号
4,"0402","4.7k",R13 R12 R8 R16 
1,"0402","2k",R7 
1,"SOT26","TP4057",U2 
1,"SIP2N","3.6V",B1 
3,"0402","100nF",C5 C1 C3 
1,"0402","120k",R10 
1,"SOT23-5","PW2051",U3 
1,"SIP9N","unknown",J2 
2,"0805","22uF",C2 C6 
1,"1210","2.2uH",L1 
7,"smt0603.ele","10k",R1 R11 R3 R15 R2 R5 R14 
1,"SOT23","XC6206P332MR",U4 
1,"SIP5N","unknown",J1 
1,"0603","red",LED1 
1,"0603","blue",LED3 
1,"esp32-12f","ESP32-C3-12F",U1 
1,"8x8_sw","unknown",S1 
1,"0402","470",R4 
1,"SO16","CH340C",U8 
2,"SOD323","SS14",D2 D1 
1,"0603","green",LED2 
2,"SOT23","AO3400A",Q1 Q2 
1,"0402","100pF",C4 
1,"0402","510k",R9 
1,"0402","10k",R6 
1,"type-c-16","unknown",J3 
