# PcbBOM Version 1.0
# Date: Thu Jul 28 16:23:06 2022 UTC
# Author: 
# Title: (unknown) - PCB BOM
# Quantity, Description, Value, RefDes
# --------------------------------------------
6,"0402","100nF",C10 C1 C5 C11 C3 C7 
32,"0402","100",Y01 Y02 Y05 Y06 Y08 Y07 Y03 Y04 Y09 Y10 Y11 Y12 Y13 Y14 Y15 Y16 X03 X05 X04 X06 X07 X08 X15 X16 X13 X14 X10 X09 X11 X12 X01 X02 
2,"O3","(unknown)",(unknown) (unknown) 
1,"0402","470",R4 
5,"0402","10k",R1 R11 R3 R6 R5 
1,"0402","1k",R2 
2,"SO24W","74HC4067",U14 U13 
4,"0805","22uF",C2 C8 C9 C6 
3,"0402","4.7k",R13 R8 R12 
1,"SIP2N","3.6V",B1 
1,"smt0603.ele","510k",R9 
1,"smt0603.ele","100pF",C4 
1,"smt0603.ele","120k",R10 
1,"0402","2k",R7 
1,"SOT26","TP4057",U2 
1,"(unknown)","unknown",S1 
1,"0603","red",LED1 
1,"(unknown)","(unknown)",(unknown) 
1,"0402","100k",R16 
2,"SOD323","SS14",D2 D1 
2,"SOT23","AO3400A",Q2 Q1 
1,"esp32-12f","esp32-12f",U1 
1,"0603","green",LED3 
1,"0603","blue",LED2 
2,"KF250-3.5-16","unknown",J2 J1 
8,"SOT26","SRV05-4",U12 U11 U9 U10 U5 U4 U6 U7 
1,"SO16","CH340C",U8 
1,"SOT23","XC6206P332MR",U15 
1,"1210","2.2uH",L1 
1,"SOT23-5","PW2051",U3 
1,"type-c-16","unknown",J3 
